rhodopsin,Rhodopsin type,protein_sequence
HKR1_N,Type-1,LICTSNLGDPELTAQFHAQADPNAYTWPMVAFGTAFGLNFITLLFERESAKFQLALLACYINFLAGFSDYMSWKGYAPIVRDSWGQGFQLLRTVMWLLTTPAMVYLLSIISDFSRLKVYSVMLADVLMITFGILAFLAYNKVMSILFYMVAWCLFAYVVHSMWSMFHASIAEARHDSSRVSLEVLRLFAVGLWFTFPVIWIVVKMGLVDIRTEEWTWCACDFLGKVMFSSSLLHGN
KR2,Type-1,SEIAYQFTSHILTLGYAVMLAGLLYFILTIKNVDKKFQMSNILSAVVMVSAFLLLYAQAQNWTSSFTFNEEVGRYFLDPSGDLFNNGYRYLNWLIDVPMLLFQILFVVSLTTSKFSSVRNQFWFSGAMMIITGYIGQFYEVSNLTAFLVWGAISSAFFFHILWVMKKVINEGKEGISPAGQKILSNIWILFLISWTLYPGAYLMPYLTGVDGFLYSEDGVMARQLVYTIADVSSKVIYGVLLGNLA
SrSRI,Type-1,MDPITIVYIIGTLGMLVGIPPALSLVGDEVGLDFDYVWAIPGIAAFMYLLMTFDVGSVQFQGYHVPIPRYIDWALTTPLLVGYTAYIAGASRGMIAGTALADFMMIVFGLGAVVFSSTAQWVFFGLSSACHLTLLALLYGPVRNSAFGEPPSHRRLARLLLNYVGLLWLAYPLVWLFGPGLQWVDAAGIAVIISYLDVTAKVPFVYFIYRAR
HsSRI,Type-1,MDAVATAYLGGAVALIVGVAFVWLLYRSLDGSPHQSALAPLAIIPVFAGLSYVGMAYDIGTVIVNGNQIVGLRYIDWLVTTPILVGYVGYAAGASRRSIIGVMVADALMIAVGAGAVVTDGTLKWALFGVSSIFHLSLFAYLYVIFPRVVPDVPEQIGLFNLLKNHIGLLWLAYPLVWLFGPAGIGEATAAGVALTYVFLDVLAKVPYVYFFYARR
NR,Type-1,QTLGETGHRTLWVTFALMVLSSGIFALLSWNVPTSKRLFHVITTLITVVASLSYFAMATGHATTFNCDTAWDHHKHVPDTSHQVCRQVFWGRYVDWALTTPLLLLELCLLAGVDGAHTLMAIVADVIMVLCGLFAALGEGGNTAQKWGWYTIGCFSYLFVIWHVALHGSRTVTAKGRGVSRLFTGLAVFALLLWTAYPIIWGIAGGARRTNVDTEILIYTVLDLLAKPVFGFWLLLSH
LR,Type-1,ETVGDSGSKTLWVVFVLMLIASAAFTALSWKIPVNRRLYHVITTIITLTAALSYFAMATGHGVALNKIVIRTQHDHVPDTYETVYRQVYYARYIDWAITTPLLLLDLGLLAGMSGAHIFMAIVADLIMVLTGLFAAFGSEGTPQKWGWYTIACIAYIFVVWHLVLNGGANARVKGEKLRSFFVAIGAYTLILWTAYPIVWGLADGARKIGVDGEIIAYAVLDVLAKGVFGAWLLVTH
HsHR,Type-1,VRENALLSSSLWVNVALAGIAILVFVYMGRTIRPGRPRLIWGATLMIPLVSISSYLGLLSGLTVGMIEMPAGHALAGEMVRSQWGRYLTWALSTPMILLALGLLADVDLGSLFTVIAADIGMCVTGLAAAMTTSALLFRWAFYAISCAFFVVVLSALVTDWAASASSAGTAEIFDTLRVLTVVLWLGYPIVWAVGVEGLALVQSVGVTSWAYSVLDVFAKYVFAFILLRWV
NpHR,Type-1,VLNDPLLASSLYINIALAGLSILLFVFMTRGLDDPRAKLIAVSTILVPVVSIASYTGLASGLTISVLEMPAGHFAEGSSVMLGGEEVDGVVTMWGRYLTWALSTPMILLALGLLAGSNATKLFTAITFDIAMCVTGLAAALTTSSHLMRWFWYAISCACFLVVLYILLVEWAQDAKAAGTADMFNTLKLLTVVMWLGYPIVWALGVEGIAVLPVGVTSWGYSFLDIVAKYIFAFLLLNYL
IaNaR,Type-1,NEMAYQMVAHVLTLGYAVMLAGLFYFVLTIKTVAPRFRTSSVLSVVVMVSAFLLLYVQASNWTESFVFDTERGKYFLGEGNDLFNNGYRYLNWLIDVPMLLFQILFVVTLTKSNFSSIRNQFWISGTGMIVTGYIGQFYEVTDLTMFAIWGAISTVFFFHILWLMKKVIDEGKDGIPAKAQETLQSIWVLFLVSWMLYPGAYLMPHLAGIEGLFFSEIGVVARQITYTIADVSSKVIYGILLTNVA
PsuDTG,Type-1,MIQTPLLIGFIVMALASLAIYIKGAHYGPLLGHTLIHAAVPFIAATAYLCMYLGVGNLIKVDGSVTYLARYVDWAFTTPLLLAGVVSSAYYGTRDLYGKSGYITAIVTLDVIMIVTGLIASLAPYGVIKWVFFAWSCAAFAGVLYLLWKPVASIASQQPGVSPAYRRNVGFLTVLWLIYPVVFAVGPEGFWAVSDATTVWVFLVLDVLAKVVYAFTS
PoXeR,Type-1,MTEAFWLWLYVAVMAAGACLFLYWSRKPRGVPGYEYTIAAVIPIWSGLAYLAMALGQGTVMIDGREVYYARYLDWLVTTPLLLWLLGSTATFYRANDTRLIGSLMFADVVMILSGLFADLTAEQSVRWLWYTIGCVSFLLILWQVWGPLRRIAGEQGEALSKTYTRVAAYLTVFWVSYPLVWLISPSGIGIVGPTVSIALFVILPAFSKVGFSILDLYEL
ASR,Type-1,MNLESLLHWIYVAGMTIGALHFWSLSRNPRGVPQYEYLVAMFIPIWSGLAYMAMAIDQGKVEAAGQIAHYARYIDWMVTTPLLLLSLSWTAMQFIKKDWTLIGFLMSTQIVVITSGLIADLSERDWVRYLWYICGVCAFLIILWGIWNPLRAKTRTQSSELANLYDKLVTYFTVLWIGYPIVWIIGPSGFGWINQTIDTFLFCLLPFFSKVGFSFLDLHGL
NpSRII,Type-1,MVGLTTLFWLGAIGMLVGTLAFAWAGRDAGSGERRYYVTLVGISGIAAVAYAVMALGVGWVPVAERTVFVPRYIDWILTTPLIVYFLGLLAGLDSREFGIVITLNTVVMLAGFAGAMVPGIERYALFGMGAVAFIGLVYYLVGPMTESASQRSSGIKSLYVRLRNLTVVLWAIYPFIWLLGPPGVALLTPTVDVALIVYLDLVTKVGFGFIALDA
HsSRII,Type-1,MALTTWFWVGAVGMLAGTVLPIRDCIRHPSHRRYDLVLAGITGLAAIAYTTMGLGITATTVGDRTVYLARYIDWLVTTPLIVLYLAMLARPGHRTSAWLLAADVFVIAAGIAAALTTGVQRWLFFAVGAAGYAALLYGLLGTLPRALGDDPRVRSLFVTLRNITVVLWTLYPVVWLLSPAGIGILQTEMYTIVVVYLDFISKVAFVAFAVLGA
MR,Type-1,SEATWLWIGTIGMVLGTVYFAVRGRGSTDPEQQTYYIITTLIPAIAAAAYLAMATGLGVISMPIRGTEVIDIYWARYADWLLTTPLLIIDLALVAGARKQTLYKLIIIDAIMILGGLAGSMMQQGAVIRIVWWAVSTAAFIILLYYLLGELSERARSRSAETGIVFNRLRNITLGLWALYPIVWILGTGGGFGIIAVTTEIMLYVMLDIGTKIGFGAVLLESQ
AR3,Type-1,LGDGRPETLWLGIGTLLMLIGTFYFLVRGWGVTDKDAREYYAVTILVPGIASAAYLSMFFGIGLTEVTVGGEMLDIYYARYADWLFTTPLLLLDLALLAKVDRVTIGTLVGVDALMIVTGLIGALSHTAIARYSWWLFSTICMIVVLYFLATSLRSAAKERGPEVASTFNTLTALVLVLWTAYPILWIIGTEGAGVVGLGIETLLFMVLDVTAKVGFGFILLRSR
BR,Type-1,GRPEWIWLALGTALMGLGTLYFLVKGMGVSDPDAKKFYAITTLVPAIAFTMYLSMLLGYGLTMVPFGGEQNPIYWARYADWLFTTPLLLLDLALLVDADQGTILALVGADGIMIGTGLVGALTKVYSYRFVWWAISTAAMLYILYVLFFGFTSKAESMRPEVASTFKVLRNVTVVLWSAYPVVWLIGSEGAGIVPLNIETLLFMVLDVSAKVGFGLILLRSR
PaDTG,Type-1,QGESIMDQTAFLIGFSVMALASLVIYASGKKIFPLRHHTLMHASVPFIAATAYLAMAFGFGNLATESGSIVYLARYADWSVTTPVLLAGLVMVAFHEQSKPGEMGGFLTAIIILDVMMIITGLVSALATTFAAKWVWYLWSCAAFLGVVYLLWGPLRTIAAGRGRAMAVAYNKNVALLTVVWFIYPIVFLVGPEGLKIITDPASVWAFLVLDIIAKVFYAFYAASSL
NmClR,Type-1,SAGQFEFIDHLLTMGVGVHFAALIFFLVVSQFVAPKYRIATALSCIVMVSAGLILNSQAVMWTDAYAYVDGSYQLQDLTFSNGYRYVNWMATIPCLLLQLLIVLNLKGKELFSTATWLILAAWGMIITGYVGQLYEVDDIAQLMIWGAVSTAFFVVMNWIVGTKIFKNRATMLGGTDSTITKVFWLMMFAWTLYPIAYLVPAFMNNADGVVLRQLLFTIADISSKVIYGLMITYIA
FR,Type-1,TVGQYTMGSLILMVSYGAHFAFVLYFLMTSLQLAPRYRIVPIMSAIVMVSAGLSLLREFNAWEQSYEFVEGMYQPLAENSTFTNAYRYGNWTITVPILLTQLPLAFGLLRPELHVRAARMCIPALLMIWTGLVGQFGETGNYLRLNVWGVISTIFFVWLIIEVRGVISRAIAMGPAELAAWPKNIWWFFLAFWGLYPIAYALPQLGHTGDIVVIRQLLYSIADVFSKLVYGIILSRYV
XR,Type-1,TPGQYSLVFNMFSFTVATMTASFVFFVLARNNVAPKYRISMMVSALVVFIAGYHYFRITSSWEAAYALQNGMYQPTGELFNDAYRYVDWLLTVPLLTVELVLVMGLPKNERGPLAAKLGFLAALMIVLGYPGEVSENAALFGTRGLWGFLSTIPFVWILYILFTQLGDTIQRQSSRVSTLLGNARLLLLATWGFYPIAYMIPMAFPEAFPSNTPGTIVALQVGYTIADVLAKAGYGVLIYNIA
BeRhGC,Type-1,QSAMSELWSWNMMLSTPSLKFLTVQFTTWIVLTTVGAIYTLFFHERQAYNRGWADIWYGYGAFGFGLGLSFAYMGFTGARNPEKKALSLCLLGVNFISFMSYIIIMLRLTPTIEGTMANPVEPARYLEWIATCPVLILLISEITQYPHDPYKVIVNDYALCLAGFVGAISAQQPWGDLAHFVSCLCFSYVVYSLWSCFTGAIDGETQCNVEKSGLRWIRFSTITTWSLFPITWFSYTSGLISFTVAEAGFSMIDIGAKVFLTLVLVNST
Phycodnavirus,Type-1,IIMTAYISIFVQIITAIISVYGLFIPLNFKDIILREILILELIVQIIEFIFYIWLIITLQSINEDITYVRYFDWVLTTPVMLLTTVYFFEYMNSDDGIRKKEINDRDYVYLFYICLSNFFMLLIGYLGETKQINKMLTLFGGSFFLFLTFYLLYVKYTKENWMNYIVFYFMFLVWFLYGFAFMFPFSIKNQMYNILDIVSKNIYSIFIFIVI
Phaeocystis_virus,Type-1,SFIVKNTMIFSFLIQIITLIIGIFAQFIKVPRHKYILKDALLLENIVQFIEAIFYLWFIYFYKENVDKIDIAKYRYYDWFLTTPTMILSVIIYFHYNNSSKKIYYNMITFFKQDFRKILELWFYNFNMLIIGYLQEINIISILLSTLIGFYFFGLLFYKMFKYYVVQNKKNYLLFFLMFFIWGLYGIAALFNYKFKNAFYNILDIFSKNFFGLFLAYLV
BaClR,Type-1,SIMQHDIVAHVLTLGFVAHAAGLVYFAFAQKDIHPRLRTATIMSCFIMAAASLNLFRQFSSWNDAFTWQGSAYVMEQTFSNGYRYFNWFITLPLLLTQPMFVFGIKGKVFLRNTLIFVVASAVMVLTGYIGQMFEVTDSALYWLWFIVGSIAYVPLLIVLYRVYFVDREKVPVHVEKLVKGLFYFQVVAWTIYLFAYLMPAISFTPTGVVTRHILYTVADISSKFIYGVWLSYIA
GtACR1,Type-1,GIKYVQLVMAVVSACQVFFMVTRAPKVPWEAIYLPTTEMITYSLAFTGNGYIRVANGKYLPWARMASWLCTCPIMLGLVSNMALVKYKSIPLNPMMIAASSICTVFGITASVVLDPLHVWLYCFISSIFFIFEMVVAFAIFAITIHDFQTIGSPMSLKVVERLKLMRIVFYVSWMAYPILWSFSSTGACIMSENTSSVLYLLGDALCKNTYGILLWATT
ChR2_Cterm,Type-1,GTNGAQTASNVLQWLAAGFSILLLMFYAYQTWKSTCGWEEIYVCAIEMVKVILEFFFEFKNPSMLYLATGHRVQWLRYAEWLLTCPVILIHLSNLTGLSNDYSRRTMGLLVSDIGTIVWGATSAMATGYVKVIFFCLGLCYGANTFFHAAKAYIEGYHTVPKGRCRQVVTGMAWLFFVSWGMFPILFILGPEGFGVLSVYGSTVGHTIIDLMSKNCWGLLGHYLR
ChR1_Cterm,Type-1,GTNAEKLAANILQWITFALSALCLMFYGYQTWKSTCGWEEIYVATIEMIKFIIEYFHEFDEPAVIYSSNGNKTVWLRYAEWLLTCPVILIHLSNLTGLANDYNKRTMGLLVSDIGTIVWGTTAALSKGYVRVIFFLMGLCYGIYTFFNAAKVYIEAYHTVPKGICRDLVRYLAWLYFCSWAMFPVLFLLGPEGFGHINQFNSAIAHAILDLASKNAWSMMGHFLR
GtACR2,Type-1,FVSLLQLVWAVVSGCQTIFMISRAPKVPWESVYLPFVESITYALASTGNGTLQMRDGRFFPWSRMASWLCTCPIMLGQISNMALVKYKSIPLNPIAQAASIIRVVMGITATISPAEYMKWLFFFFGATCLVFEYSVVFTIFQVGLYGFESVGTPLAQKVVVRIKMLRLIFFIAWTMFPIVWLISPTGVCVIHENVSAILYLLADGLCKNTYGVILWSTA
BPR,Type-1,DLDISDTVGVSFWLVTAGMLAATVFFFVERDQVSAKWKTSLTVSGLITGIAFWHYLYMRGVWIDTGDTPTVFRYIDWLLTVPLQVVEFYLILAACTSVAASLFKKLLAGSLVMLGAGFAGEAGLAPVLPAFIIGMAGWLYMIYELYMGEGKAAVSTASPAVNSAYNAMMMIIVVGWAIYPAGYAAGYLMGGEGVYASNLNLIYNLADFVNKILFGLIIWNVA
GPR,Type-1,DLDASDYTGVSFWLVTAALLASTVFFFVERDRVSAKWKTSLTVSGLVTGIAFWHYMYMRGVWIETGDSPTVFRYIDWLLTVPLLICEFYLILAAATNVAGSLFKKLLVGSLVMLVFGYMGEAGIMAAWPAFIIGCLAWVYMIYELWAGEGKSACNTASPAVQSAYNTMMYIIIFGWAIYPVGYFTGYLMGDGGSALNLNLIYNLADFVNKILFGLIIWNVA
QsActR,Type-1,TAAQYHLVLYGFVVALFALFATGLYGVSTKGEVARQYRGAAIASTAICWVAALAYLALVLEWVFGFTASPDGSAYTPDPGTVVTELRYMDWSVTVPLLVCELLAVAVLSRSAALRWRAVGVGSAFLMIATGYLGVVYGTGGGTTTAALWVWGAVSTVFFVVLYVLAVQAYRATAPAVGAETRTSYRNALVLLFSVFGAYPLAYLVPVWAGSSPGAWGTTEQLVFTFADITAKAGFGVLIHKVA
KrActR,Type-1,GPGAHDLIHFSLVVAGFALLAHFLRTWHSTGEVSARYRPAVLASLAVTGVAFLSYVYLVLEFDQGYDLREGVYQPNAEALNTLVPRYMDWAVTVPLLMVEFLAVSAVVGAAARRTRFTLVGLAFLMILTGFIGAAVQEDGTSRTALIAWGVVSSAFYAALHVVLIRVLRRSRGAMGAQAYTSYRNATILLLSVWGWYPIAYALQVWFGGQWWTVTIQVGFSAADIAAKVGFGALIHKVA
GR,Type-1,TYGQFNLVYNAFSFAIAAMFASALFFFSAQALVGQRYRLALLVSAIVVSIAGYHYFRIFNSWDAAYVLENGVYSLTSEKFNDAYRYVDWLLTVPLLLVETVAVLTLPAKEARPLLIKLTVASVLMIATGYPGEISDDITTRIIWGTVSTIPFAYILYVLWVELSRSLVRQPAAVQTLVRNMRWLLLLSWGVYPIAYLLPMLGVSGTSAAVGVQVGYTIADVLAKPVFGLLVFAIA
KR1,Type-1,KLDPSDYVGFTFFVGAMAMMAASAFFFLSLNQFNKKWRTSVLVSGLITFIAAVHYWYMRDYWFAIQESPTFFRYVDWVLTVPLMCVEFYLILKVAGAKPALMWKLILFSVIMLVTGYFGEAVFQDQAALWGAISGAAYFYIVYEIWLGSAKKLAVAAGGDILKAHKILCWFVLVGWAIYPLGYMLGTDGWYTSILGKGSVDVAYNIADAINKIGFGLVIYALA
RhPDE_Cterm,Type-1,GRGKRRAKTRNIAIASTKEVQWQGIFMIIVWLCVMGSLIFFANPEASRRVFAKFSHLQSFYGATSVAFAFATGLDILAYVNAVSDEKRVLSGILAYVDGVACISYLSMATLNLYFLVDSTQGNPVWLMRYAEWIITCPTLLYWCGLASRADRSSVSDIATADALLLAGGALSSILPSWPAFFVFAGSFATYIYVMLHMWGMFGKAMQPDFQPPPPLPRHALHLLRCEIVMSWSIFPLVEFLRRQGYIDFQVGEAMNCVADYAAKVGLAMIMVNCN
SAMEA2619548_526558,Heliorhodopsin,CSKPGLLWWLNVAACLFHLLFAIATLVLASCDGFDDGCGDGNISTPILLVYSTNLSWVANSTNALRPEYVVSGDISLPWLTASFFFLSALMHGIVAGFNYRQAWASDSQERRVITTWQGWYYRWMHECRNPARWLEYSISASVMLIVIAISSGVAHVYMLVLIFCSSFATMTYGHFAEELHGRPQLRYQDSKPQTWAQPNVFLRVYPNLLGWVPFGAVWGVLLHSFNSNTGDGGPPTFVYVIVYGQFVAFLTFCVTQLALLVPDNGPAWYYWGEVSYLILSFLSKGFLGVTLFASV
Eh_virus_AHA55390.1,Heliorhodopsin,DTIVLTINWFNFIAGLFHVALAIVCALLGDVSQTFKMYMPFTTFRNGTQENEVTIKYSGYFPMTVIFVVYFSVTALFHMGNAFLWNDTYHRFLSNRKNPIRWTEYSITAPLMTAILAFIAGSRNWLFVIAASTLTFASISVGFVLDEIRKYSFFVLGMIPFLVEFSLIILSLYLTTSCYPSYLPITIFVEFGLWILFPFVSLLELSGINYKIGELVFIVLSFVSKSVLAIILNSEN
SAMEA2621812_1097862,Heliorhodopsin,KQPELPYLIIHYCAIAGHLIAGTWMAIEYANRENLQIPYTETYLKWTRTKNLTSCPAGSRPLETSVNGNFCIEPTTAPVDCNDESPPVCAGLDLGWLIISFHALSFIFQGAAALTDLCEEGVCGYRYSSIIKTGKNPLRFLEYGISAAIMLMCIALLNGVTDINLIAAIAVLTSACEFCGLVVEYLPTRSPLKWVLHLTGWLQFLCAYGIIAHAFFKSVNAVPNVNPPDFVYVIVILLFLLYASFGAVQLSELFCEMKCSESACGDCPLWCRNKKEKRINYEYKEMIYVTLSLGSKLVLGGLIFANV
SAMEA2621075_1406407,Heliorhodopsin,TTRARLIWLFNLFCFAAHIIWVVVCVLAARGKGGKMNIDIFRPRNVWNSTDDSGDSYDIDFVDNNMPIRIDVVTIGFFALSALAHLGAVIAGLRQFRYFYWDQMDRAFFWWRWLEYSLSAPVMILGIALVCGTRDQATLASVVVLMWTTIAMGFLTEIVSTPSDDLESWIGDAPRNGQTKREARQLNYFRRMLPHVVGIFPYMAAWSMILYNFMQNLDDTRETNKEAYEKMPRWVYAVIFGSFAIFTLFVYPQIYYQWQKPKYYYQTEFHYCFLSLLAKSYLGMLLYVNV
Aeromicrobium_marinum,Heliorhodopsin,DTRLLGLKRWNWALTVLHAVQAVAVLVLASDFAITLSTSFPEGPPGTRIPAPTDLVDVRISVAIAVFLALAALDHGLTSTVMRGRYEAGLRAGINRFRWVEYSVSATIMILLIALYAGITQMNAVIAIAGANVAMILFGWLQEQMNPPGRSVTTMLPFWFGCVAGAVPWIVITYNIVGADTVPGFVYGIFVSLFVFFMSFAVNQYLQYREIGPWRSYAFGEKAYLVLSLGAKSALAWQIFVGS
Phaeodactylum_tricornutum,Heliorhodopsin,NVVPASLKIWNGVAVIVQFAQAAALFALSANADNAYYWYTNYPATFEDRDENPEEFGRPGPTEVADFSITWYSAVFILLSGLDHLACIIFWSTYKYQIERHQNHFRWAEYSISASLMRIMIAQLAGVTDIHLIWMLFASTAITMILGGIHESVNAKARADGLKQNWYPFLAAWIPHLACWLVIFNYFFKAVIEGDPPNFVWAIIFVLFFLDGCFAILFTLQWFKIGIFKDYVAGEKGFIVLSFTAKVLLAWINYGGG
Chlorella_variabilis,Heliorhodopsin,ARLRWWNAAVGTLQLVAGAAILAISPYDPKSELPWYTFFVASWSRDNGAESDFYSPAPKQVASFPIAVWSGVFLLLSAVDHLLVILPRVNAYYNRCLCQNRNPFRWAEYSVSASLMSVMIAQLCGVTDIHLLFTLAALMATTMLFGHQMEVSNGARLPTFAYSDDSKAPPALAKDGSGAGLPAAFLTTNPVADGAADGGDGAAPGAQRVDWGPFWMGCWPFLAVELVTGCYFFQAVSNGDPPTFVWSLFFILSFLYIMFAVNQALQFKQVRGWRGFAQAEWWYMILSLTSKQLLAWITYGGT
contig__172728,Heliorhodopsin,DDRIDRLRRFNLVMGVLHLVSGGFMLLVSNDFSLPVTSFATNGPPGTPLADGEMVEAFSYPLAVGTAGFLLLSAVAHLFVATLGFSFYASELRAGRNRIRWIEYAASSTLMIVLIASVVGIYDAGALLAIAGANIAMILFGWLMETVNQPGRPVYWSPFWFGCIAGIAPWKAITASVWISVAVADDGPPGFVYGILVSIFLAFNCFALNQWLQYRGKGRWADYAHGETVYIWLSLIAKSLLAWQIWGNT
SAMEA2621401_811499,Heliorhodopsin,SPLCSLWSLNAVAAAMHGVWFIVFVLLWALVTNDDGTKRDIEYPLWYSAATFGALPDPPVTDTTTGGLTLGQTEENSKPVSPYPSCEPPKASSVGNFPVSPAFRDTGITFSLHWLVVSFFALSFLFQATAAVVDAVALKKRKKQRIQLMGDDDEVRFEKDAVAQVAATSIPSINSSYQNSTSPVSSWFRFIEYSLSASVMVVAIALQVGLFDAWLLFACAALTWVTMMLGLVAERVFTVEEHLCAMKKRTDGIHSPNDAMKHATDSLSKSLCLIRWTSHFSAWVTQGVVFVIIIAHFFNSQQACEWADSVDDGNRQSDNTAPKFVYAIVFAELALFLGFGVTQLSQFVVFDKQKSGAYDMTTRVKHKRFTEAAYIVQSFVSKTVLGWLVYGGNFAA
contig__161490,Heliorhodopsin,ITDMQNLKKLNFRAGCLHLVSFVLILILSNDASLPVVATYLTEAPGTGNFSDPINLFNLNISYMVAGFMALSAFFHFYICIPSTFKKYELNLSRGINTYRWVEYSISSTLMIIVILQLNGTSDYIALLGIAGVNVCMILFGWIQERYVKAGNGDLLPFWFGCFAGSIPWIATVFNLIAPKGPPESTTPGFVYGIVISIFIFFNCFALVQWKQYKAKGKWVNYLYGERIYIVLSFVAKSLLAWQVYSGS
contig__2376895,Heliorhodopsin,EIKIKKLKRFNIIMGTVHLIQGGLLFWLGTVVNSDFVVPITLTQLVGVGSPEDPSSFALVPELEVWREVANFGPAVATFLLASAVAHYLISGPFYNKYKEDLLKGINKVRWIEYSISASVMIVLIALLVGIYDVWALAGIFFMNAAMCWFGWMMEVHNQYTEKVDWTSYIMGCLVGVTPWIFIFINLIGDGVATDSNPQGVPQFVVWIFVSIFLFFNTFSINMILQYKQVGKWKDYLYGERAYIWLSLLAKTCLAWQVFFGTYQP
Actinomarina_minuta,Heliorhodopsin,SEKIGKLRRFNIIMGFMHLIQGSGLFWLGTVVNSDFVVPITLTQLVGVGSPEDPSSFALVPELEIWREITNFGPAVATFLLASAVAHFLISGPFYNKYQEDLAKGINKVRWIEYSISASVMIVLIALLVGIYDVWALLGIFFMNAAMCWFGWMMEVNNQYTDKVDWTSYIMGCLVGVTPWIFIFINLIGDGVATDSNPQGVPQFVVWIFVSIFLFFNTFSINMVLQYKGVGKWKDYLYGERAYIWLSLLAKTALAWQVFFGTYQP
contig__381806,Heliorhodopsin,SEKIRKLRRFNIIMGFMHLVQGSALFWLGTVVNSDFVVPITLTQLVGEGSPNDPSSFALVPKLEIWREVTNFGPAVATFLLASAVAHFLISGPFYNKYQEDLGKGINKVRWIEYSISASVMIVLIALLVGIYDIWALLGIFFMNAAMCWFGWMMEVNNQYTEKVDWTSYIMGCLVGVAPWIFIFINLIGDGVATDSNPQGVPQFVVWIFVSIFIFFNTFSINMVLQYKGVGKWKDYLYGERAYIWLSLLAKTALAWQVFFGTYQP
TM7_genomosp_GTL1,Heliorhodopsin,KITTTKLRKFNVAMAVLHAVQGFLILWLSRSFDLPIMGSYLEFNRQTQQLEPVTTTLFNLSLPMLVAVFFFISALAHAIIATIYYRWYEQGLKQGINKARWIEYILSASTMMIAISLLVGIYDLSSLAMVFALTAIMNLMGLVMEVHNQTTKKTNWLSYIIGCFAGIVPWLVVAFYMWLGAENGSSAPMFVYWIFVSIFVFFNCFAINMFLQYKKIGPWRDYLYGERAYIILSLVAKSLLAWQVFAGTLRP
archaeon_SG8-52-2,Heliorhodopsin,DHTIRRFRIFNAIMGGIHLLQVFLVLYLSNNFSLPVTISKPVYNEFTNSISPVSETLFSIRVGPLVALFLFISAIAHILIATVLYYRYVENLKSGMNPYRWFEYSISASVMIVIIAMLTTIYDLGTLLALFTLTAVMNLMGLMMELHNQTTQNTDWTSYIIGCIAGLVPWIVIFIPLIAAESVPDFVIYIFVSIAIFFNCFAINMYLQYKKIGKWKDYLHGERVYIILSLVAKSALAWQVFAGTLR
Halolamina_pelagica,Heliorhodopsin,ATQYRRLRQFNAVMALLHFVQGALMIYLSTPLKWTVTVTSLEFQAGSQRLTPVLEPWTTVQLSYLVAAFLLLSALAHLLIATVLYDSYVAYLERGMNPYRWYEYSISASVMIVVIAMLAGVWDLGTLLALFSLVAVMNLMGLMMELHNQTTGTTDWTAYVIGSFAGLVPWVVIAITIVATVLGSDGGGPPDFVLAIYASLFVFFNLFAINMVLQYRESWKWQDYLFGEKTYIVLSLVAKSLLAWQVFFGALNA
Haloterrigena_mahii,Heliorhodopsin,PSDWNLRRFNAIMGILHFLQGAVMLYLSSSREWTITATRLDFDTESQQLVPVMESIGAIELAYLAVAFLFVSAIAHVLIATVLYDRYVAYLGQGMNPYRWYEYAVSASVMIVLIAMLAGVWDLGTLIALFGLVAVMNLCGLVMERHNRLTEKIDWSSFIVGSIAGVVPWIVIAVSIIGTFNAGGSPPDFVIIIYVSLFVLFNLFAINMLLQYLGVWKWQDYLYGERAYIVLSLVAKSLLAWQVYFGALNS
Halorhabdus_tiamatea,Heliorhodopsin,PSDWNLRRFNAAMAVLHFLQGALMVYLSSSREWTITAVYQEFDTTTETLSPVMESIGTIELAYLAAGFLFISAIAHALIATVLYDRYVAYLEQGMNPYRWYEYAVSASLMIVLIAMLAGVWNLGTLIALFGLVAVMNLCGLVMERHNALTEETDWSSFIVGSLAGVVPWITIAVTIVGTYSFGEGSPPDFVIAIYVSLFVLFNLFAINMLLQYRGVWKWKDYRFGEVGYIVLSLVAKSLLAWQVYFGALNS
archaeon_SCGC-AAA259I09,Heliorhodopsin,DSKFKRLRIFNGFMGVLHLIQAALMFWLSNDFSLAVTNTFPSGPPGSGEVMTETLFNLRIGPLVALFLLISAIAHFLLATVLYEWYVKNLKNKINHLRWVEYSFSSSIMIVIIAMLVGFLDISALILIFIVNASMIFFGWLMELYNQRTEDTKWSPFIFGCIAGAAPWIAIAIRLITAVWRSPVEVPSFVIWIFVSIAVFFNIFALNQLLQYKKAGPWRDYLFGERMYIVLSLVAKSALAWQVFSGTLVG
Halovivax_asiaticus,Heliorhodopsin,APEYRRLRRWNAVMAVLHFVQGALMVVFAESIQWPITRTRYEFDVATEALAPTTVQWVEVPLPLLVAGFLFISAIAHTIVATVRYGAYVRYLERGMNPYRWYEYALSASLMIVVIAMLAGIWDLGTLVALFGLVAVMNLCGLVMERHNELTDRTDWTAYNVGVVAGAIPWVVIAIVLVGSVVAGDVEVPDFVIYIYVSIFVFFNLFAINMILQYRETWRWRQYLFGERVYILLSLVAKSALAWQVYFGTLTS
Chloroflexi_RBG_13_48_10,Heliorhodopsin,EKKYLGLRRFNLSMGFLHLIQGILMIVLSNDTAYPIYTNFLKFDTTTMALVPDPKIAAELLFGPAVAIFLLLSAVAHFFLATVGYKLYVSNLKKGMNPVRFYEYALSSSVMIVLIGMLVGIYDLGAIILIFGINAVMNLFGIMMELHNQNTQKTNWTAFIYGCIAGIVPWIVIVTYFLGSLAGEGGEPPAFVYAIIPTLFIFFNIFAVNMVLQYKKVGPWKDYLFGERVYIVLSLTAKTVLAWIIFAGTLAP
WS6_bacterium_OLB21,Heliorhodopsin,ENSYKKLRKWNAIMAVLHFVQGIAMLAISRDFSIPLTTTYLDFNLQANTILPVTNEAMQLNLGQFISVFLFLSAFFHFLLILPGIYEWYVKNLKNKINYLRWIEYAFSSSVMIVAIAILCGMFDLPSLILIFGLNAMMNLFGLMMELHNQTTKKTNWTAFIFGTIAGILPWIVIAMYFFGAVSSVGTNIPSFVYAILVSIFLFFNCFAINMFLQYKQVGPWKDYLFGERVYILLSLIAKSALAWQIFSGTLRP
Mesotoga_infera,Heliorhodopsin,ESVYKKLRIYNLIMGLLHLVQGIIMLIVSNDSSLTITRNYLEFNQEIMRLVPATENFMDLKMGPFIASFLFMSAIAHFIVSTFGFGWYARNLQRGINYARWYEYSISSSVMIVAIAMFSGMLDIVSLMLLFTVNALMNLFGLMMELHNQTTERTNWAAFIFGCIAGAVTWIAVFIYLFTSLGKANIEFPSFVYAILITFLVFFNSFAINMFLQYKKIGPWKNYLFGESMYVLLSLVAKSVLAWQVFAGTLRP
Eh_virus_AHA55207.1,Heliorhodopsin,KTRQSILFKLNMIAFALHLILAIVTGTVGNINLAPPIYNTKVTFTYNSSETGFSLDPYYVSYGGYPITALTVVFFVLTAFFHLANATFLNETYISCLELCFTPTRWIEYFLTASLMSCTIAYLSGSRSVLVIVGVCGLIASTMLFGFISELYNRPRETVDAWERSTLLKRSVPHFLGYVPYLFAWFIILYSFFGSGGTCAAPAWVWVIILAQFIQFSLFVIPQLYQLKNPPSKFIRGEYYFIFLSFFAKATLGIILLAGGITL
Chrysochromulina_CCMP291,Heliorhodopsin,PIPSRRLWRWNVGMSIFHGILLIATCVIGNLELRVPVYGSSVKLRVGMGNSSAGWALAPDTDTRVGWMYMTSLVALFFGMSCGFHFGNAFIWRKYYEYALERAYAPFRWIEYSGSASVMILILSYTSGTLLSPMLVSLFALTMITMYFGHLHEVICRPKSLDEWECKNKLWRLQAHLLGYVPQCFAWGLIIAQFMDAGGKTTTDASGQTRQMPKFVYAIVFGEMAVFWSFGVVQLIVSLRPPSKYCQGEIAYMWLSLFAKGFLGIIVLGNVLIL
SAMEA2619399_340071,Heliorhodopsin,AVPTGQLTAWNGAMFIFHTILATTTLVVGNNDLTVPLFKTRLDFRFTNETASEEMSSGDVRPWEIIPTYEESGSLPFTWLVAVFFILSAAFHLLNATALRSFYLRSLEECYSPTRWIEYTLSAPVMIVLISYTLGIRNQEVLLAQFVLVMITMPFGYWVEVVSRPKNQDEWIGGLLYRLYPWFIGHIPQIAAWFLIIATFYNGQDQVDRAPWFVHLILWVEFILFFSFGAASVLSQWYAPRFFYRGEILFQVLSLVSKGLLGLILLTNVLML
SAMEA2623673_3000060,Heliorhodopsin,DIPERLLVRWNLAMAAMHGSLIIITLSLANWNLDAPIYRTSLQIEYRNGTDGNWTLADDAPRDGGADRAWRVIPYHEEKGSINLTFLTAAFFFLSFFFHIGNATFWRRLYISELQHCRTPTRWVEYCLSAPVMFVLIAYGVGVRGRDVLLATATLISITMAFGHYTELRARPASRDRWELPLQKRLIPWVIGHFPQAIAWVLVLLQFYSNSWDIDRVPDFVHVIVFSELALFWSFGVAALISQLFPPRSFYKGELMFQVLSLLSKGLLGILLLTNIIML
Micromonas_commoda,Heliorhodopsin,APPCCSLWTLNAIAAAVHGAWFVVFILLWRFDTREDGERRDITYPLWVSHATWGELPQPPIPPLLATAIDRLAADDLALSRFDSNAGYPTCEPPRSAKVGSMPVSPAAEDTGLVLSLHWLVVSFFALSFAFQFAAAVFDLAARARRRRHRRIVIGDTSADVARADDTNDSETRESVSAWLRFVEYGFSAAVMIVAIALQVGLMDAWMLFALATLTWATMMLGLAGERILVVERRIRRVVIGLERRDGALDPEACPGLEMSVERSLPMARWATHLTGWVTQGVVFVVIIAHFFQSQGTCEFDGTGEDNVAPDFVYAIVFGELGLFALFGLTQMCQFLSHDYGWCVDDDGTSTACCSVEAAYIVQSLVSKTLLGWLVYGGNFAP
Halobacterium_DL1,Heliorhodopsin,SARDSRLRLWNSVMAVLHFLQGAAMVLLADTVLWPITRTRYGFDPGSQSIFPETVAFVDANLPLLVAGFLFISALAHTAIATVWYDKYVRYLDRGMNPYRWYEYSVSASLMIVVIGMLSGVWDLGTLVALFGLVAVMNLSGLLMEQRNELTEQTDWTPYWVGVIAGIVPWITIGVAFVGSVTASAGEFPEFVIYIYVSIFVFFNLFALNMALQYLEVSRWKNYLFGEKMYIVLSLVAKSALAWQVYFGTLNS
Fervidobacterium_pennivorans,Heliorhodopsin,NGELTKLREMNLFAAIFHLVQGIVVLVLANDFSITITRGFLKFDETTRSLIPAVENLFDVKLAYLIASFPFITFIFHLLVATVFNKKYNEDLSKGINPFRWAEYSISSSIMMIIIAMLVGISDFGTLLLIFSINATMILFGYLMELINQFTEKTVWSPFYFGVFAGLIPWIVVFLVILRSNPPDFVIWIFVSIAIFFNLFPINMTLQYKKIGKWKDYLYGEKVYIILSLVSKTILVWQVFAGTLQP
Pyrococcus_furiosus,Heliorhodopsin,GDKFKSLKRLNMIAGVFHLIQGVLILLLSSDFTVTITRNYLKFDEATRSLVTVTENLFEVKLVYLIALFPFLTALSHLAVSTVLFESYKKNLSKGINPYRWAEYSVTSSIMVVIIALLVGISDIGTLMLMFSINAAMIFFGYLMELLNQYTEKVNWSPFIFGSFAGIMPWIVIFMIILRSNPPSFVIWIFVSIAVFFNLFPLNMVLQYKKWGKWADYLYGEKVYIILSFVSKTILVWQVYAGTLQP
Methanobacterium_formicicum,Heliorhodopsin,PITFGGLKKLNIGAGALHLIQGLIMIALGLWLTWTQDIYTFYIKFKILSLAPPSFQIAPDPTVAFTVSYLGVILASFLLISAIAHFTIAFLKNKNYNENLKKGMNPYRWFEYFFSSSIMLVIIATFVGVWDLWSLVMIFVLNAVTMLCGYLMEKINYYTKETDWSAYLVGCLSGFVPWIVLAAYFIAALGSTETNPPTFVYAILAIYFIMFNTFSINMVLQYKGVGKWKDYLYGERVYIILSLIAKTALAWLTFVGIFAP
Dehalogenimonas,Heliorhodopsin,EARIKSLRVWNIVVGLILAVQAVAIAVLTNDFSLPVTATFISGPPGTPPELHTLFSIATGWGVFTFLAISAGALLIMASPAVFPWYKRNLLQSRNYGRWIEYFFSSSIMIVLIAQITGISEIAALLAIFGVNASMILFGLLQEKYEKPGKPSFLPFWFGSFAGIIPWIAIVIYVIAPGLSISPPGFVYGIIISLFIFFNCFALNMYLQYKQVGPWRDYLFGERVYIILSGTAKALLAWQVFFPV
Phycisphaerae,Heliorhodopsin,DRRLNRLRIWNIAVGLILAVQAIMIAVLTNSFSLPVTATFMSGPPGTAPELHHLFDIPTGWGVFAFLAISAGALLIIASPLVFPWYKRNLLQNRNYGRWIEYFFSSSIMIVLISQITGISDIAALLAIFGINASMILFGALQEKYEKPGKPSLLPFWFGSFAGIIPWIAIVIYVWAPGLTVSPPGFVYGIIVSLFVFFNCFAVNMILQYKQVGSWRDYLFGEKVYIVLSLTAKALLAWQVFFPV
Chloroflexi_RBG_16_57_8,Heliorhodopsin,ERRLGQLRIWNTVVGAILAVQAVLIAVLTNSFSLPVTATFMSGPPGTTPELHHLFSISTGWGVFAFLAISAAALLLVASPPVFAWYKRNLLQSRNYGRWIEYFFSSSIMIVLISQITGISDIAALLAIFGINSCMILFGALQEKYEKPRKPSWLPFWFGSFGGIIPWIAIAIYVWAPRLNVSPPGFVYGIIASLFVFFNCFAINMVLQYKKVGLWRDYLYGEKAYILLSLTAKALLAWQVFFPV
Aquiluna_WP_007540014.1,Heliorhodopsin,QQIGGLRKYNVVAGFLHLIQAVGFSYVLTMLDYQILYPVKIEYPTGPPGVASPVDVVTLFDINIGAGIVGFLALSALFHFIISSPMFFQRYKAGLKVNHNYFRWVEYSLSSSVMIFCIALLNGITDIAALVAIFAVNASMIMFGALQEKYETPGSGKGLPFIFGSMTGIIPWLILVLYIWQPGATNASEIPGFVYGIVVALFLFFNTFGFNQAFQYKKIGPWKNYLFGEKSYITLSLVAKTVLAWQIFSGA
Aquiluna_SCX15262.1,Heliorhodopsin,VYIKGLRRYNVVAGLLHLAQALGLTYVLTLLDNQILFPVTIEYPTGPPGVPAPTDLVTLFDINIGAGAIGFLALSALFHFIISSPMFYGRYKAGLKKNHNYFRWVEYSLSSSVMIFLIALLNGINGVAALIAIFAVNASMILFGALQEKYETPGNGKGLPFIMGSMTGIVPWLILILYIWQPGATNASEIPGFVYGIVVALFLFFNTFGFNQAFQYKQIGPWKNYLFGETTYITLSLVAKSVLAWQVFAGA
Cryobacterium_arcticum,Heliorhodopsin,QQIDRLRIYNVVAGSLHLVQAIAFAVILTLLSSQVLFAVTTDYLAGPPGVPIPPERVTLFEVNIGVGVVAFLALSAFFHFLISSPWFFTRYKTGLLNNHNYFRWVEYSLSSSIMIWLILAINGVTDIGALCAVFAVNAAMIMFGALQEKYEQPGSGGMLPFIFGSMVGIVPWILILIYFLRPGSASDVAAPGFVVGIVISLFVFFNTFAINQWLQYKQVGKWKSYLQGERTYITLSLVAKTALAWQVFSGA
Aurantimicrobium_minutum,Heliorhodopsin,EQIKRLRVYNIVAGAIHLLQGLAFLFILTKLSSQVMFPVTVDYMTGPPGVDLPTERVTLFEVNLGLGVVAFLFMSAFFHFLISLPGVFTRYANGLKLNHNYFRWTEYSLSSSVMIWLIAQLNGATDFAALFAIFAVNASMIFFGALQEKYEKPGNKKFLPFIFGSMTGIVPWIIIAIYTLQPGSTSAAEVPGFVYGIVISLFIFFNTFAINQVLQYRQIGGWKSYLRGERAYITLSLVAKSVLAWQVFSGA
Ornithinimicrobium_CNJ-824_WP_,Heliorhodopsin,PSRYARLRTFNWIAAVVHAAQAVAVVVLATDFTLPVTATYLSGPPGTPPGDQVTLWDVPTALAIAAFLALSAVFHVLVASPGLFERYRAGLAQEHNYFRWVEYSLSSSLMIVIIAQLVGISDVVALLALFGVNASMILFGWLQEKYHQPGDGGWLPFVFGCFAGAVPWIGVVLYTIAPGSTSGAEPPGFVYGIIVSLFLFFNVFALVQWLQYKPVGRFRDYLTGETAYIVLSLTAKSALAWQIFVGT
contig__1205911,Heliorhodopsin,GISFAGLRKLNLVAGFAHLAQMVLVLVLASDFSLPITAAYVFGPPGTPPNDPVTIFESRIAWGVALFFALSAFFHFVVASRWFYPRYVGGLQSGHNYFRWVEYSLSSSIMIVLIAQITGISDVAALMAIFGVNASMILFGWLQEKYEQPGGGMLPFIFGCMSGIVPWLIIVVWVLAPGSSNKPEIPGFVIGIIISLFVFFNTFALVQWLQYKQVGKWRDYLRGERSYILLSLIAKTALAWQIFSGTLVP
SAMEA2622518_623348,Heliorhodopsin,GISFAGLRELNLVAGFAHLTQMVLVLVLASDFSLPITAAYVFGPPGTPPNDPVTIFESRIAWGVALFFALSALFHFVVASRWFFPRYVGGLQSGHNYFRWVEYSLSSSIMIVLIAQITGISDVAALMAIFGVNASMILFGWLQEKYEQPGGGMLFIFGCMTGIVPWLIIVVWVLAPGSSNKPEIPGFVIGIIISLFVFFNTFALVQWLQYKQVGKWRDYLRGERSYILLSLIAKTALAWQIFSGTLVP
Heliorhodopsin_48C12,Heliorhodopsin,KEIKSLQNFNRIAGVFHLLQMLAVLALANDFALPMTGTYLNGPPGTTFSAPVVILETPVGLAVALFLGLSALFHFIVSSGNFFKRYSASLMKNQNIFRWVEYSLSSSVMIVLIAQICGIADIVALLAIFGVNASMILFGWLQEKYTQPKDGDLLPFWFGCIAGIVPWIGLLIYVIAPGSTSDVAVPGFVYGIIISLFLFFNSFALVQYLQYKGKGKWSNYLRGERAYIVLSLVAKSALAWQIFSGTLIP
Actinobacteria_IMCC26077,Heliorhodopsin,MGGLRRINIIAGLLHLVQMITVLALSSEFTLPINATYMSGPPGTTFSAPVVLFNTPIGLTVAIFLGLSALAHFIVASPQFFGRYSKGLEEQRNYFRWVEYSISSSVMIVLIAQVTGVADITAIISIFGVNASMILFGWLQEKYETPGNGGWLPFIFGCIAGAVPWLALLFYVFSIGGPTDSAAPAFVYGIVITIFLFFNSFALVQWLQYKKVGKWSDYLRGERTYITLSLIAKSALAWQIFANTLIP
Actinobacteria_IMCC25003,Heliorhodopsin,AGSIRRSNLIAGFFHLAQMAVVLILANDFSLPIVARYMAGPPGSVFAEPVTLLDTPVGLTVAIFLGLSAFFHFLVASPQFFTRYAAGLAAQRNYFRWVEYSISSSVMIVLIAQICGVSDVVAVISLFGVNASMILFGWLQEKYEQPGNGGWLPFIFGCIAGLVPWIAITFYVLAIGGPGDTKAPAFVYGIVISLFVLFNTFAVVQYLQYKKVGKWSDYLRGEKTYITLSLVAKSALAWQIFASTLIE
SAMEA2620217_989933,Heliorhodopsin,EGLKLFNRNMGVLHLIQSILIAILGFTIDDFREFTQSLYVFTLRPVDESGNPITDASNQNGPPADIIPVPEELFEFTGIAPVLLTLFLFASAVAHLLIAFPLFDKYKVHIKNGMNPYRWYEYAISSSIMILFILISFGILDFWVIVATFILNALMNIFGYYMEEVNFLKGADSKTDWKPYLWGWVAGIVPWIVIIDNTQRFEIPEGGEDFFFVFYIAVGIYFFFFNTFAINMGLQYGKIGKWKDYLYGEKVYQILSLISKSILCWLIFIAILAG
Aquiluna_WP_007541057.1,Heliorhodopsin,KQLQTFNRFAGLFHLIQAIALFFILNSDTKIPVITRFFTDTPEGIRPVSETLFEFPIALIAPIFLLLSAIAHLLISAPFYIQRYEQNIAKGINPPRWWEYSISSSLMLVVLLMLGGLIEISAIVLIFTLNFIMNLMGLVMEKYNQLTEKVSWLPFNIGVVAGIVPWIMGGLYFWVSTNNIADAIPVYAQFGFLLTFIFFNTFAINMFLQYKKVGKWKDYPYGEKAYIVLSLVSKSVLGWVIVLGTMGV
Aquiluna_SCX07967.1,Heliorhodopsin,SKLQILNRLAGVFHLVQAVALFFILNDETRIPVISRFFTDTPEGIRPVSETLFEFPIALIGPIFLLLSAIAHLLISSPFYIRRYEQNIAKGINPPRWWEYSISSSLMLVVLLMLGGLIEISAVVFVFTLNFLMNMFGLVMERHNQLTEKTSWLPFNLGVVAGIVPWIMGGIYFWVSTNNISDSIPTYAQFGFLLTFLFFNTFAINMWLQYKKVGKWKLYEFGEKGYIILSLVSKSVLAWVIVIGTLNI
Heimdallarchaeota_AB_125,Heliorhodopsin,PISFKYLRKFNLAMGILHLVQGVAMLVLGFFWDFSRPLYSITLDYSGGPPVAALQPEFSFTAVGPTVAAFLLFSALAHLLIAGPLNKFYVKNLKKKMNPIRWFEYAFSSSIMVFFIAILFGVWDLWVLIGLFFLNMLMNLFGHMMELHNQTTKKTNWTAYIYGWIAGIIPWVIISVFFARIAINSTGMPWFVPVIYAFELILFMSFAFNMLLQYKKVGKWKDYLYGERMYQILSLVAKTLLAWLVFAGVFQP
Thorarchaeota_SMTZ1_45,Heliorhodopsin,PISFSYLKKFNLYAGVLHLLTGVLMLFLGLTLEWSQDVYTIYLDFEIISFDPFEFLVQPTPAVLFTLTNIGVILASFPLMSALAHFLIAFPLNDKYVENLKKGMNPYRWYEYSVSSSVMIFLITFLLGIWDLWSLVMIVVLNAMMIMFGYLMEVINQYTEKTKWSPFILGCVSGGTPWVVLFGYFAAAISVAETQPPTFVYIIIFMYLFLFNIFALNMLLQYKKVSKWKDYLYGERMYIVLSLVAKTLLAWIVFAGIFAP
archaeon_SG8-32-1,Heliorhodopsin,PISFSYLKRFNAAAGILHLIQGLLMLGLGTQLEWERSIYTFYTKFTIIQGPPFQLEVTPDPQILFTIGYLGIIVASFPLLSSAAHFIIAFIKNDKYNENLKKGMNPYRWYEYAFSSSIMITLIALFLGVWDFWSLAMIFVLNAMMIMFGYLMELINQKTEKTSWSAFILGTISGFTPWVVLYAYFIGSLLSINADVPTFVYMILFIYFIVFNIFALNMVLQYKGVGRWKDYLYGERIYIILSFIAKTILSWLVFVGIFAP
SAMEA2621021_2274068,Heliorhodopsin,NPDMQNLKKLNFRAGCLHLVSFILILILSNDASLPVVATYLTEAPGTGNFSDPINLFNLNISYMVAGFMALSAFFHFYICIPSTFKKYELNLSRGINTYRWIEYSISSTLMIIVILQLNGTADYIALLGIAGVNVCMILFGWLQERYVKAGNGDLLPFWFGCFAGSIPWIATVFNLITLKGPPESITPGFVYGIVISIFIFFNCFALVQWKQYRAKGKWVNYLYGERIYIVLSFVAKSLLAWQVYSGS
Nocardioides,Heliorhodopsin,DRALRSLKGWNLGLTVLHLGQAVAVVVLATDFAITITRSLPTGPPGTPTASPEALFDLPIGVAIAAFLVLAGLDHLLTATALRRTYERDLLGGINRFRWVEYSFSATIMVVLIALYSGIDGISALIGIIGANVAMILFGWLQESANPPGSPSVTMKPFWFGCVAGAAPWVAIGYNLVAAEEVPGFVVGIFVSLFVFFNSFALNQWLQYRRVGPWRSYAFGERAYLVLSLVAKSALAWQIFGGS
